{"cameraMode":{"drawMode":0,"name":"Shaded","section":"Shading Mode"},"sceneLighting":true,"audioPlay":false,"sceneViewState":{"m_AlwaysRefresh":false,"showFog":true,"showSkybox":true,"showFlares":true,"showImageEffects":true,"showParticleSystems":true,"showVisualEffectGraphs":true,"m_FxEnabled":true},"in2DMode":false,"pivot":{"x":298.1822204589844,"y":213.5083465576172,"z":6.5171051025390629},"rotation":{"x":0.20698833465576173,"y":0.006748465821146965,"z":-0.0014281363692134619,"w":0.97832190990448},"size":217.74232482910157,"orthographic":true}