{"cameraMode":{"drawMode":0,"name":"Shaded","section":"Shading Mode"},"sceneLighting":true,"audioPlay":false,"sceneViewState":{"m_AlwaysRefresh":false,"showFog":true,"showSkybox":true,"showFlares":true,"showImageEffects":true,"showParticleSystems":true,"showVisualEffectGraphs":true,"m_FxEnabled":true},"in2DMode":false,"pivot":{"x":176.7498016357422,"y":309.3061828613281,"z":53.424835205078128},"rotation":{"x":0.20698833465576173,"y":0.006748465821146965,"z":-0.0014281363692134619,"w":0.97832190990448},"size":224.01010131835938,"orthographic":true}